Trial,N,Time,Time Ratio
1,2000,2047700.0,1.1214743414206692
2,4000,8581200.0,4.190652927674952
3,8000,3.32371E7,3.8732461660373843
4,16000,1.853005E8,5.575110343561863
5,32000,5.13398E8,2.7706239324772466
6,64000,1.9721208E9,3.8413098609655667
7,128000,9.2396053E9,4.685111226452253
8,256000,3.55098047E10,3.8432166252816016
